{
  "editor:set-heading-1": [
    {
      "modifiers": [
        "Alt"
      ],
      "key": "1"
    }
  ],
  "editor:set-heading-2": [
    {
      "modifiers": [
        "Alt"
      ],
      "key": "2"
    }
  ],
  "editor:set-heading-3": [
    {
      "modifiers": [
        "Alt"
      ],
      "key": "3"
    }
  ],
  "editor:set-heading-4": [
    {
      "modifiers": [
        "Alt"
      ],
      "key": "4"
    }
  ],
  "editor:set-heading-5": [
    {
      "modifiers": [
        "Alt"
      ],
      "key": "5"
    }
  ],
  "editor:set-heading-6": [
    {
      "modifiers": [
        "Alt"
      ],
      "key": "6"
    }
  ],
  "editor:set-heading": [
    {
      "modifiers": [
        "Alt"
      ],
      "key": "7"
    }
  ],
  "obsidian-mind-map:app:markmap-preview": [
    {
      "modifiers": [
        "Mod"
      ],
      "key": "M"
    }
  ],
  "quick-latex:addInlineMath": [],
  "editor:insert-mathblock": [
    {
      "modifiers": [
        "Alt"
      ],
      "key": "M"
    }
  ],
  "editor:toggle-inline-math": [
    {
      "modifiers": [
        "Alt",
        "Shift"
      ],
      "key": "M"
    }
  ],
  "quick-latex:addMatrixBlock": [],
  "obsidian-hider:toggle-app-ribbon": [
    {
      "modifiers": [
        "Alt"
      ],
      "key": "Y"
    }
  ],
  "obsidian-hider:toggle-tab-containers": [
    {
      "modifiers": [
        "Alt"
      ],
      "key": "Z"
    }
  ],
  "darlal-switcher-plus:switcher-plus:open-editors": [
    {
      "modifiers": [
        "Alt"
      ],
      "key": "B"
    }
  ],
  "obsidian-advanced-slides:reload-advanced-slides-preview": [],
  "various-complements:reload-custom-dictionaries": [],
  "workspace:split-vertical": [
    {
      "modifiers": [
        "Alt"
      ],
      "key": "G"
    }
  ],
  "workspace:split-horizontal": [
    {
      "modifiers": [
        "Alt"
      ],
      "key": "V"
    }
  ],
  "obsidian-advanced-slides:open-advanced-slides-preview": [],
  "markdown:toggle-preview": [
    {
      "modifiers": [
        "Mod"
      ],
      "key": "E"
    },
    {
      "modifiers": [
        "Alt"
      ],
      "key": "E"
    }
  ],
  "workspace:close": [
    {
      "modifiers": [
        "Mod"
      ],
      "key": "W"
    }
  ],
  "editor:fold-all": [
    {
      "modifiers": [
        "Alt",
        "Shift"
      ],
      "key": "Z"
    }
  ],
  "workspace:next-tab": [
    {
      "modifiers": [
        "Ctrl"
      ],
      "key": "Tab"
    },
    {
      "modifiers": [
        "Ctrl"
      ],
      "key": "PageDown"
    },
    {
      "modifiers": [
        "Alt"
      ],
      "key": "L"
    }
  ],
  "workspace:previous-tab": [
    {
      "modifiers": [
        "Ctrl",
        "Shift"
      ],
      "key": "Tab"
    },
    {
      "modifiers": [
        "Ctrl"
      ],
      "key": "PageUp"
    },
    {
      "modifiers": [
        "Alt"
      ],
      "key": "H"
    }
  ],
  "graph:open": [
    {
      "modifiers": [
        "Mod"
      ],
      "key": "G"
    }
  ],
  "app:go-back": [
    {
      "modifiers": [
        "Mod",
        "Alt"
      ],
      "key": "ArrowLeft"
    },
    {
      "modifiers": [
        "Alt"
      ],
      "key": "J"
    }
  ],
  "app:go-forward": [
    {
      "modifiers": [
        "Mod",
        "Alt"
      ],
      "key": "ArrowRight"
    },
    {
      "modifiers": [
        "Alt"
      ],
      "key": "K"
    }
  ],
  "workspace:open-in-new-window": [
    {
      "modifiers": [
        "Mod",
        "Shift"
      ],
      "key": "N"
    }
  ],
  "file-explorer:new-file-in-new-pane": [],
  "workspace:toggle-pin": [
    {
      "modifiers": [
        "Alt"
      ],
      "key": "P"
    }
  ],
  "workspace:toggle-stacked-tabs": [
    {
      "modifiers": [
        "Alt"
      ],
      "key": "S"
    }
  ],
  "darlal-switcher-plus:switcher-plus:open": [
    {
      "modifiers": [
        "Alt"
      ],
      "key": "F"
    }
  ],
  "darlal-switcher-plus:switcher-plus:open-commands": [
    {
      "modifiers": [
        "Alt"
      ],
      "key": "D"
    }
  ],
  "editor:toggle-highlight": [
    {
      "modifiers": [
        "Alt"
      ],
      "key": "X"
    }
  ],
  "obsidian-tasks-plugin:toggle-done": [
    {
      "modifiers": [
        "Alt"
      ],
      "key": "T"
    }
  ],
  "global-search:open": [
    {
      "modifiers": [
        "Mod",
        "Shift"
      ],
      "key": "F"
    },
    {
      "modifiers": [
        "Alt"
      ],
      "key": "W"
    }
  ]
}