{
  "main": {
    "id": "e37feeed47d54291",
    "type": "split",
    "children": [
      {
        "id": "727ad828cfd5acfc",
        "type": "tabs",
        "children": [
          {
            "id": "bf79281dfd6e898c",
            "type": "leaf",
            "state": {
              "type": "markdown",
              "state": {
                "file": "Coding/Defi/Solana/Solana Rust.md",
                "mode": "source",
                "source": false
              }
            }
          },
          {
            "id": "a8a0551fdcd8b2e3",
            "type": "leaf",
            "state": {
              "type": "image",
              "state": {
                "file": "Pasted image 20240527000323.png"
              }
            }
          },
          {
            "id": "9f4617363d3def0b",
            "type": "leaf",
            "state": {
              "type": "excalidraw",
              "state": {
                "file": "Excalidraw/Drawing 2024-06-11 17.56.41.excalidraw.md"
              }
            }
          },
          {
            "id": "9532f1c166863499",
            "type": "leaf",
            "state": {
              "type": "markdown",
              "state": {
                "file": "Science/Maths/Maths.md",
                "mode": "source",
                "source": false
              }
            }
          }
        ],
        "currentTab": 2
      },
      {
        "id": "1a9cf9fd18d471ec",
        "type": "split",
        "children": [
          {
            "id": "c0e1bf1eee7c1034",
            "type": "tabs",
            "children": [
              {
                "id": "70a5ba4f486fe137",
                "type": "leaf",
                "pinned": true,
                "state": {
                  "type": "markdown",
                  "state": {
                    "file": "Btech/S6/VLSI/VLSI Module 2.md",
                    "mode": "source",
                    "source": false
                  },
                  "pinned": true
                }
              }
            ]
          },
          {
            "id": "f2bcb64c9b7952ca",
            "type": "tabs",
            "children": [
              {
                "id": "3167c146e51a10c7",
                "type": "leaf",
                "state": {
                  "type": "image",
                  "state": {
                    "file": "Pasted image 20240527000323.png"
                  }
                }
              }
            ]
          }
        ],
        "direction": "horizontal"
      }
    ],
    "direction": "vertical"
  },
  "left": {
    "id": "afc42ccb5b4fc2b6",
    "type": "split",
    "children": [
      {
        "id": "8a64496704516940",
        "type": "tabs",
        "children": [
          {
            "id": "fe9f4ebcc097b4a1",
            "type": "leaf",
            "state": {
              "type": "file-explorer",
              "state": {
                "sortOrder": "alphabetical"
              }
            }
          },
          {
            "id": "3c5f19192d9a46d4",
            "type": "leaf",
            "state": {
              "type": "search",
              "state": {
                "query": "UART",
                "matchingCase": false,
                "explainSearch": false,
                "collapseAll": false,
                "extraContext": false,
                "sortOrder": "alphabetical"
              }
            }
          },
          {
            "id": "2c09d5f8be6aad01",
            "type": "leaf",
            "state": {
              "type": "bookmarks",
              "state": {}
            }
          }
        ]
      }
    ],
    "direction": "horizontal",
    "width": 200,
    "collapsed": true
  },
  "right": {
    "id": "dbd43fe55b81ac45",
    "type": "split",
    "children": [
      {
        "id": "921e03c0b5ffd2c8",
        "type": "tabs",
        "children": [
          {
            "id": "a95fe73ba1e58a3d",
            "type": "leaf",
            "state": {
              "type": "backlink",
              "state": {
                "file": "Excalidraw/Drawing 2024-06-11 17.56.41.excalidraw.md",
                "collapseAll": false,
                "extraContext": false,
                "sortOrder": "alphabetical",
                "showSearch": false,
                "searchQuery": "",
                "backlinkCollapsed": false,
                "unlinkedCollapsed": true
              }
            }
          },
          {
            "id": "0f2143b5d3f38c5d",
            "type": "leaf",
            "state": {
              "type": "outgoing-link",
              "state": {
                "file": "Excalidraw/Drawing 2024-06-11 17.56.41.excalidraw.md",
                "linksCollapsed": false,
                "unlinkedCollapsed": true
              }
            }
          },
          {
            "id": "f62c395771bd15cd",
            "type": "leaf",
            "state": {
              "type": "tag",
              "state": {
                "sortOrder": "frequency",
                "useHierarchy": true
              }
            }
          },
          {
            "id": "bbe6bc242c19d5d7",
            "type": "leaf",
            "state": {
              "type": "outline",
              "state": {
                "file": "Excalidraw/Drawing 2024-06-11 17.56.41.excalidraw.md"
              }
            }
          }
        ]
      }
    ],
    "direction": "horizontal",
    "width": 300
  },
  "left-ribbon": {
    "hiddenItems": {
      "switcher:Open quick switcher": false,
      "graph:Open graph view": false,
      "canvas:Create new canvas": false,
      "daily-notes:Open today's daily note": false,
      "templates:Insert template": false,
      "command-palette:Open command palette": false,
      "obsidian-excalidraw-plugin:Create new drawing": false,
      "obsidian-advanced-slides:Show Slide Preview": false,
      "darlal-switcher-plus:Open in Headings Mode": false,
      "darlal-switcher-plus:Open Symbols for the active editor": false,
      "publish:Publish changes...": false
    }
  },
  "active": "9f4617363d3def0b",
  "lastOpenFiles": [
    "Btech/S6/VLSI/VLSI Module 2.md",
    "Excalidraw/Drawing 2024-06-11 17.56.41.excalidraw.md",
    "Pasted image 20240527000323.png",
    "image.4L6SO2.png",
    "Linux/Tools/Git.md",
    "Btech/S6/Management For Engineers/MFE Module 1.md",
    "Science/Maths/Maths.md",
    "Linux/Obsidian/nvim.md",
    "Coding/Defi/Solana/Solana Rust.md",
    "Coding/Defi/Solana",
    "Coding/Defi",
    "Youtube/Scripts/Obsidian/tasks.md",
    "Btech/S6/Management For Engineers/Management For Engineers.md",
    "Coding/Rust/Rust.md",
    "Btech/S6/Untitled",
    "Coding/React/React.md",
    "Coding/Rust/Pasted image 20240303195835.png",
    "Coding/Rust/Untitled.canvas",
    "Coding/Rust/Pasted image 20240303195257.png",
    "Coding/Rust/Rust By Practice.md",
    "Coding/Rust/Rust By Example.md",
    "Coding/Rust/Notes.md",
    "Coding/Rust/Rust By Example/Rust By Example.md",
    "Coding/Rust/Rust By Example",
    "Coding/React",
    "Btech/S6/Embedded Systems/ES Module 1.md",
    "Btech/S6/Embedded Systems/Embedded Systems.md",
    "Btech/S6/Embedded Systems/ES Module 5.md",
    "Btech/S6/Embedded Systems/ES Module 4.md",
    "Btech/S6/Embedded Systems/ES Module 2.md",
    "Btech/S6/VLSI/VLSI Module 5.md",
    "Btech/S6/VLSI/VLSI Module 4.md",
    "Btech/S6/VLSI/VLSI Module 3.md",
    "Btech/S6/VLSI/VLSI Module 1.md",
    "Btech/S6/Embedded Systems/Files/Images/Pasted image 20240312003455.png",
    "Btech/S6/Embedded Systems/Files/Images/Pasted image 20240312003020.png",
    "Btech/S6/Embedded Systems/Files/Images/Pasted image 20240312002822.png",
    "Btech/S6/Embedded Systems/Files/Images/Pasted image 20240312002754.png",
    "Youtube/Scripts/Obsidian",
    "Youtube/Scripts",
    "Youtube",
    "Pasted image 20240604142655.png",
    "Pasted image 20240604142537.png",
    "Linux/rsync.md",
    "Linux/Linux_Quick_Notes.md",
    "Coding/Database",
    "Btech/S6/Embedded Systems/Module 3",
    "Btech/S6/Embedded Systems/Module 2/ES Canvas 1.canvas",
    "Science/Maths/Vector calculus.canvas",
    "Vector calculus.canvas"
  ]
}